"Status","Year","Region_ITL1","Region_ITL2","Region_ITL3","Region_london","Headcount","FTE","Mean_salary","Median_salary"
"In post","2021","East Midlands (England)","Derbyshire and Nottinghamshire","Derby","Outside London","1015","900","26450","22920"
"In post","2021","East Midlands (England)","Derbyshire and Nottinghamshire","East Derbyshire","Outside London","395","345","26830","27570"
"In post","2021","East Midlands (England)","Derbyshire and Nottinghamshire","North Nottinghamshire","Outside London","990","930","28920","27570"
"In post","2021","East Midlands (England)","Derbyshire and Nottinghamshire","Nottingham","Outside London","7955","7435","31780","27570"
"In post","2021","East Midlands (England)","Derbyshire and Nottinghamshire","South and West Derbyshire","Outside London","1155","1050","32860","27970"
"In post","2021","East Midlands (England)","Derbyshire and Nottinghamshire","South Nottinghamshire","Outside London","780","730","30500","27570"
"In post","2021","East Midlands (England)","Leicestershire, Rutland and Northamptonshire","Leicester","Outside London","2615","2360","26860","25400"
"In post","2021","East Midlands (England)","Leicestershire, Rutland and Northamptonshire","Leicestershire CC and Rutland","Outside London","2025","1895","29100","26810"
"In post","2021","East Midlands (England)","Leicestershire, Rutland and Northamptonshire","North Northamptonshire","Outside London","510","455","25610","27570"
"In post","2021","East Midlands (England)","Leicestershire, Rutland and Northamptonshire","West Northamptonshire","Outside London","1100","1010","26470","24440"
"In post","2021","East Midlands (England)","Lincolnshire","Lincolnshire","Outside London","2830","2665","28120","26750"
"In post","2021","East of England","Bedfordshire and Hertfordshire","Bedford","Outside London","835","785","30220","28190"
"In post","2021","East of England","Bedfordshire and Hertfordshire","Central Bedfordshire","Outside London","430","415","30230","27570"
"In post","2021","East of England","Bedfordshire and Hertfordshire","Hertfordshire","Outside London","2720","2565","34780","31170"
"In post","2021","East of England","Bedfordshire and Hertfordshire","Luton","Outside London","555","490","26280","26700"
"In post","2021","East of England","East Anglia","Breckland and South Norfolk","Outside London","525","500","28550","26750"
"In post","2021","East of England","East Anglia","Cambridgeshire CC","Outside London","3375","3200","33980","31220"
"In post","2021","East of England","East Anglia","North and West Norfolk","Outside London","930","860","28020","27420"
"In post","2021","East of England","East Anglia","Norwich and East Norfolk","Outside London","1790","1625","29570","27570"
"In post","2021","East of England","East Anglia","Peterborough","Outside London","1665","1500","28180","25330"
"In post","2021","East of England","East Anglia","Suffolk","Outside London","4170","3905","28710","27570"
"In post","2021","East of England","Essex","Essex Haven Gateway","Outside London","1135","1070","32320","29290"
"In post","2021","East of England","Essex","Essex Thames Gateway","Outside London","940","835","27660","28730"
"In post","2021","East of England","Essex","Heart of Essex","Outside London","1115","1050","31990","29290"
"In post","2021","East of England","Essex","Southend-on-Sea","Outside London","1345","1210","32090","29360"
"In post","2021","East of England","Essex","Thurrock","Outside London","365","345","26380","25310"
"In post","2021","East of England","Essex","West Essex","Outside London","700","625","30400","28590"
"In post","2021","London","Inner London - East","Hackney and Newham","London","3045","2825","34600","31060"
"In post","2021","London","Inner London - East","Haringey and Islington","London","1505","1435","31110","31060"
"In post","2021","London","Inner London - East","Lambeth","London","4380","4145","43650","39410"
"In post","2021","London","Inner London - East","Lewisham and Southwark","London","1390","1330","33830","31060"
"In post","2021","London","Inner London - East","Tower Hamlets","London","6875","6645","48370","42070"
"In post","2021","London","Inner London - West","Camden and City of London","London","3640","3485","38270","32520"
"In post","2021","London","Inner London - West","Kensington & Chelsea and Hammersmith & Fulham","London","850","815","32650","31060"
"In post","2021","London","Inner London - West","Wandsworth","London","955","915","32060","31060"
"In post","2021","London","Inner London - West","Westminster","London","55700","54270","48070","43360"
"In post","2021","London","Outer London - East and North East","Barking & Dagenham and Havering","London","600","545","30460","31060"
"In post","2021","London","Outer London - East and North East","Bexley and Greenwich","London","1765","1685","31820","31060"
"In post","2021","London","Outer London - East and North East","Enfield","London","360","335","30130","31060"
"In post","2021","London","Outer London - East and North East","Redbridge and Waltham Forest","London","1060","965","28990","30780"
"In post","2021","London","Outer London - South","Bromley","London","460","420","29400","31060"
"In post","2021","London","Outer London - South","Croydon","London","9625","9135","38350","35070"
"In post","2021","London","Outer London - South","Merton, Kingston upon Thames and Sutton","London","660","625","31120","31060"
"In post","2021","London","Outer London - West and North West","Barnet","London","1680","1585","39880","32650"
"In post","2021","London","Outer London - West and North West","Brent","London","605","560","31430","31060"
"In post","2021","London","Outer London - West and North West","Ealing","London","515","485","31310","31060"
"In post","2021","London","Outer London - West and North West","Harrow and Hillingdon","London","3405","3085","31170","29250"
"In post","2021","London","Outer London - West and North West","Hounslow and Richmond upon Thames","London","2860","2705","32620","31060"
"In post","2021","North East (England)","Northumberland and Tyne and Wear","Northumberland","Outside London","395","355","28320","27570"
"In post","2021","North East (England)","Northumberland and Tyne and Wear","Sunderland","Outside London","4430","3755","25080","21440"
"In post","2021","North East (England)","Northumberland and Tyne and Wear","Tyneside","Outside London","16545","15020","29160","25560"
"In post","2021","North East (England)","Tees Valley and Durham","Darlington","Outside London","975","925","35680","30900"
"In post","2021","North East (England)","Tees Valley and Durham","Durham CC","Outside London","5595","5025","27020","25310"
"In post","2021","North East (England)","Tees Valley and Durham","Hartlepool and Stockton-on-Tees","Outside London","1550","1410","27240","27570"
"In post","2021","North East (England)","Tees Valley and Durham","South Teesside","Outside London","1125","1010","26410","25310"
"In post","2021","North West (England)","Cheshire","Cheshire East","Outside London","755","705","30050","27570"
"In post","2021","North West (England)","Cheshire","Cheshire West and Chester","Outside London","455","420","26080","27300"
"In post","2021","North West (England)","Cheshire","Warrington","Outside London","2690","2560","32520","30640"
"In post","2021","North West (England)","Cumbria","East Cumbria","Outside London","940","855","27620","24920"
"In post","2021","North West (England)","Cumbria","West Cumbria","Outside London","1200","1095","28270","25190"
"In post","2021","North West (England)","Greater Manchester","Greater Manchester North East","Outside London","1205","1125","27610","27570"
"In post","2021","North West (England)","Greater Manchester","Greater Manchester North West","Outside London","1985","1780","25310","24440"
"In post","2021","North West (England)","Greater Manchester","Greater Manchester South East","Outside London","1390","1275","25630","22080"
"In post","2021","North West (England)","Greater Manchester","Greater Manchester South West","Outside London","6145","5790","30490","27100"
"In post","2021","North West (England)","Greater Manchester","Manchester","Outside London","8990","8530","33780","29730"
"In post","2021","North West (England)","Lancashire","Blackburn with Darwen","Outside London","495","445","26790","27570"
"In post","2021","North West (England)","Lancashire","Blackpool","Outside London","5140","4700","29050","27570"
"In post","2021","North West (England)","Lancashire","Chorley and West Lancashire","Outside London","1330","1230","29700","27570"
"In post","2021","North West (England)","Lancashire","East Lancashire","Outside London","480","430","25810","27570"
"In post","2021","North West (England)","Lancashire","Lancaster and Wyre","Outside London","1055","980","28560","26670"
"In post","2021","North West (England)","Lancashire","Mid Lancashire","Outside London","5605","5030","27450","24980"
"In post","2021","North West (England)","Merseyside","East Merseyside","Outside London","1040","930","27640","27570"
"In post","2021","North West (England)","Merseyside","Liverpool","Outside London","10235","9455","29090","25310"
"In post","2021","North West (England)","Merseyside","Sefton","Outside London","6060","5510","29020","25560"
"In post","2021","North West (England)","Merseyside","Wirral","Outside London","2145","1870","26230","26120"
"In post","2021","Northern Ireland","Northern Ireland","Antrim and Newtownabbey","Outside London","200","195","24570","20310"
"In post","2021","Northern Ireland","Northern Ireland","Ards and North Down","Outside London","225","220","25880","21270"
"In post","2021","Northern Ireland","Northern Ireland","Armagh City, Banbridge and Craigavon","Outside London","5","5","[c]","[c]"
"In post","2021","Northern Ireland","Northern Ireland","Belfast","Outside London","2815","2625","28890","25560"
"In post","2021","Northern Ireland","Northern Ireland","Causeway Coast and Glens","Outside London","70","70","20720","20310"
"In post","2021","Northern Ireland","Northern Ireland","Derry City and Strabane","Outside London","10","10","21710","21110"
"In post","2021","Northern Ireland","Northern Ireland","Fermanagh and Omagh","Outside London","20","20","20330","20310"
"In post","2021","Northern Ireland","Northern Ireland","Lisburn and Castlereagh","Outside London","400","385","27540","24890"
"In post","2021","Northern Ireland","Northern Ireland","Mid and East Antrim","Outside London","[c]","[c]","[c]","[c]"
"In post","2021","Northern Ireland","Northern Ireland","Newry, Mourne and Down","Outside London","65","60","21280","20310"
"In post","2021","Overseas","Overseas","Overseas","Overseas","3755","3740","49990","49760"
"In post","2021","Scotland","Eastern Scotland","Angus and Dundee City","Outside London","1900","1750","26230","22080"
"In post","2021","Scotland","Eastern Scotland","City of Edinburgh","Outside London","12800","12200","37390","32140"
"In post","2021","Scotland","Eastern Scotland","Clackmannanshire and Fife","Outside London","1350","1250","29960","27570"
"In post","2021","Scotland","Eastern Scotland","East Lothian and Midlothian","Outside London","110","105","27940","27570"
"In post","2021","Scotland","Eastern Scotland","Falkirk","Outside London","1815","1600","27580","27570"
"In post","2021","Scotland","Eastern Scotland","Perth and Kinross and Stirling","Outside London","1350","1265","30970","29140"
"In post","2021","Scotland","Eastern Scotland","West Lothian","Outside London","510","475","32720","27570"
"In post","2021","Scotland","Highlands and Islands","Caithness and Sutherland and Ross and Cromarty","Outside London","215","200","29320","27570"
"In post","2021","Scotland","Highlands and Islands","Inverness and Nairn and Moray, Badenoch and Strathspey","Outside London","1135","1070","29090","27570"
"In post","2021","Scotland","Highlands and Islands","Lochaber, Skye and Lochalsh, Arran and Cumbrae and Argyll and Bute","Outside London","330","310","28440","27570"
"In post","2021","Scotland","Highlands and Islands","Na h-Eileanan Siar","Outside London","175","160","25840","22230"
"In post","2021","Scotland","Highlands and Islands","Orkney Islands","Outside London","40","35","31750","29190"
"In post","2021","Scotland","Highlands and Islands","Shetland Islands","Outside London","60","55","30130","27570"
"In post","2021","Scotland","North Eastern Scotland","Aberdeen City and Aberdeenshire","Outside London","1865","1755","36180","30650"
"In post","2021","Scotland","Southern Scotland","Dumfries and Galloway","Outside London","565","520","29320","27570"
"In post","2021","Scotland","Southern Scotland","East Ayrshire and North Ayrshire mainland","Outside London","960","870","26710","26570"
"In post","2021","Scotland","Southern Scotland","Scottish Borders","Outside London","480","440","29450","27570"
"In post","2021","Scotland","Southern Scotland","South Ayrshire","Outside London","320","295","27970","27570"
"In post","2021","Scotland","Southern Scotland","South Lanarkshire","Outside London","3700","3315","30270","26120"
"In post","2021","Scotland","West Central Scotland","East Dunbartonshire, West Dunbartonshire and Helensburgh and Lomond","Outside London","2420","2310","30550","27570"
"In post","2021","Scotland","West Central Scotland","Glasgow City","Outside London","11650","10850","31820","27570"
"In post","2021","Scotland","West Central Scotland","Inverclyde, East Renfrewshire and Renfrewshire","Outside London","1040","940","29630","27570"
"In post","2021","Scotland","West Central Scotland","North Lanarkshire","Outside London","2800","2450","26180","22820"
"In post","2021","South East (England)","Berkshire, Buckinghamshire and Oxfordshire","Berkshire","Outside London","2955","2820","34390","30890"
"In post","2021","South East (England)","Berkshire, Buckinghamshire and Oxfordshire","Buckinghamshire CC","Outside London","1680","1600","32150","29750"
"In post","2021","South East (England)","Berkshire, Buckinghamshire and Oxfordshire","Milton Keynes","Outside London","2210","2115","32440","28550"
"In post","2021","South East (England)","Berkshire, Buckinghamshire and Oxfordshire","Oxfordshire","Outside London","2750","2585","32140","29530"
"In post","2021","South East (England)","Hampshire and Isle of Wight","Central Hampshire","Outside London","4185","4035","36180","33300"
"In post","2021","South East (England)","Hampshire and Isle of Wight","Isle of Wight","Outside London","900","825","27520","26810"
"In post","2021","South East (England)","Hampshire and Isle of Wight","North Hampshire","Outside London","1020","970","32770","27570"
"In post","2021","South East (England)","Hampshire and Isle of Wight","Portsmouth","Outside London","3910","3635","30590","27570"
"In post","2021","South East (England)","Hampshire and Isle of Wight","South Hampshire","Outside London","4055","3520","30010","27570"
"In post","2021","South East (England)","Hampshire and Isle of Wight","Southampton","Outside London","1285","1185","32820","27570"
"In post","2021","South East (England)","Kent","East Kent","Outside London","4230","3895","28190","26670"
"In post","2021","South East (England)","Kent","Kent Thames Gateway","Outside London","1605","1525","30150","30400"
"In post","2021","South East (England)","Kent","Medway","Outside London","1410","1345","31050","29750"
"In post","2021","South East (England)","Kent","Mid Kent","Outside London","880","825","30270","29290"
"In post","2021","South East (England)","Kent","West Kent","Outside London","400","375","36460","37320"
"In post","2021","South East (England)","Surrey, East and West Sussex","Brighton and Hove","Outside London","655","590","30600","27570"
"In post","2021","South East (England)","Surrey, East and West Sussex","East Surrey","Outside London","990","935","33430","33590"
"In post","2021","South East (England)","Surrey, East and West Sussex","East Sussex CC","Outside London","1995","1795","26810","27570"
"In post","2021","South East (England)","Surrey, East and West Sussex","West Surrey","Outside London","2115","1990","32810","29290"
"In post","2021","South East (England)","Surrey, East and West Sussex","West Sussex (North East)","Outside London","1235","1100","30730","27570"
"In post","2021","South East (England)","Surrey, East and West Sussex","West Sussex (South West)","Outside London","1315","1195","30150","27570"
"In post","2021","South West (England)","Cornwall and Isles of Scilly","Cornwall and Isles of Scilly","Outside London","1645","1500","26590","26670"
"In post","2021","South West (England)","Devon","Devon CC","Outside London","5575","5115","31680","27570"
"In post","2021","South West (England)","Devon","Plymouth","Outside London","3105","2890","31160","27570"
"In post","2021","South West (England)","Devon","Torbay","Outside London","335","285","25900","26120"
"In post","2021","South West (England)","Dorset and Somerset","Bournemouth and Poole","Outside London","715","640","26860","27370"
"In post","2021","South West (England)","Dorset and Somerset","Dorset CC","Outside London","2140","2010","29140","27130"
"In post","2021","South West (England)","Dorset and Somerset","Somerset","Outside London","2350","2185","30960","27570"
"In post","2021","South West (England)","Gloucestershire, Wiltshire and Bath/Bristol area","Bath and North East Somerset, North Somerset and South Gloucestershire","Outside London","13355","12825","37750","34370"
"In post","2021","South West (England)","Gloucestershire, Wiltshire and Bath/Bristol area","Bristol, City of","Outside London","6610","6135","35860","31810"
"In post","2021","South West (England)","Gloucestershire, Wiltshire and Bath/Bristol area","Gloucestershire","Outside London","1400","1260","29260","27570"
"In post","2021","South West (England)","Gloucestershire, Wiltshire and Bath/Bristol area","Swindon","Outside London","470","440","32310","27570"
"In post","2021","South West (England)","Gloucestershire, Wiltshire and Bath/Bristol area","Wiltshire","Outside London","7480","7170","36300","33300"
"In post","2021","Unknown","Unknown","Unknown","Unknown","3730","3645","35670","32100"
"In post","2021","Wales","East Wales","Cardiff and Vale of Glamorgan","Outside London","12065","11265","32950","27570"
"In post","2021","Wales","East Wales","Flintshire and Wrexham","Outside London","2155","2035","27810","26300"
"In post","2021","Wales","East Wales","Monmouthshire and Newport","Outside London","5605","5250","33790","29540"
"In post","2021","Wales","East Wales","Powys","Outside London","550","515","29070","27570"
"In post","2021","Wales","West Wales and The Valleys","Bridgend and Neath Port Talbot","Outside London","710","630","27110","27570"
"In post","2021","Wales","West Wales and The Valleys","Central Valleys","Outside London","1710","1590","34570","28850"
"In post","2021","Wales","West Wales and The Valleys","Conwy and Denbighshire","Outside London","685","640","35060","30210"
"In post","2021","Wales","West Wales and The Valleys","Gwent Valleys","Outside London","1085","980","28350","27570"
"In post","2021","Wales","West Wales and The Valleys","Gwynedd","Outside London","745","680","25100","21050"
"In post","2021","Wales","West Wales and The Valleys","Isle of Anglesey","Outside London","245","235","27690","26670"
"In post","2021","Wales","West Wales and The Valleys","South West Wales","Outside London","1470","1360","30230","27570"
"In post","2021","Wales","West Wales and The Valleys","Swansea","Outside London","9070","8085","27290","21590"
"In post","2021","West Midlands (England)","Herefordshire, Worcestershire and Warwickshire","Herefordshire, County of","Outside London","435","420","27930","26670"
"In post","2021","West Midlands (England)","Herefordshire, Worcestershire and Warwickshire","Warwickshire","Outside London","1300","1190","26820","24890"
"In post","2021","West Midlands (England)","Herefordshire, Worcestershire and Warwickshire","Worcestershire","Outside London","2250","2125","28730","26780"
"In post","2021","West Midlands (England)","Shropshire and Staffordshire","Shropshire CC","Outside London","1170","1110","29090","27570"
"In post","2021","West Midlands (England)","Shropshire and Staffordshire","Staffordshire CC","Outside London","3965","3735","29880","27570"
"In post","2021","West Midlands (England)","Shropshire and Staffordshire","Stoke-on-Trent","Outside London","1245","1115","25180","21170"
"In post","2021","West Midlands (England)","Shropshire and Staffordshire","Telford and Wrekin","Outside London","1930","1780","33330","27570"
"In post","2021","West Midlands (England)","West Midlands","Birmingham","Outside London","11600","10800","31170","27570"
"In post","2021","West Midlands (England)","West Midlands","Coventry","Outside London","2425","2295","36870","32300"
"In post","2021","West Midlands (England)","West Midlands","Dudley","Outside London","1145","990","25080","26080"
"In post","2021","West Midlands (England)","West Midlands","Sandwell","Outside London","440","405","27170","27570"
"In post","2021","West Midlands (England)","West Midlands","Solihull","Outside London","1105","1020","28910","26620"
"In post","2021","West Midlands (England)","West Midlands","Walsall","Outside London","605","525","25100","26120"
"In post","2021","West Midlands (England)","West Midlands","Wolverhampton","Outside London","885","770","24990","26110"
"In post","2021","Yorkshire and The Humber","East Yorkshire and Northern Lincolnshire","East Riding of Yorkshire","Outside London","1890","1785","28640","26810"
"In post","2021","Yorkshire and The Humber","East Yorkshire and Northern Lincolnshire","Kingston upon Hull, City of","Outside London","2005","1800","27990","27130"
"In post","2021","Yorkshire and The Humber","East Yorkshire and Northern Lincolnshire","North and North East Lincolnshire","Outside London","810","725","25790","26470"
"In post","2021","Yorkshire and The Humber","North Yorkshire","North Yorkshire CC","Outside London","1935","1830","29610","27570"
"In post","2021","Yorkshire and The Humber","North Yorkshire","York","Outside London","2790","2640","36200","31710"
"In post","2021","Yorkshire and The Humber","South Yorkshire","Barnsley, Doncaster and Rotherham","Outside London","2995","2670","27170","27150"
"In post","2021","Yorkshire and The Humber","South Yorkshire","Sheffield","Outside London","6935","6400","33200","29360"
"In post","2021","Yorkshire and The Humber","West Yorkshire","Bradford","Outside London","3100","2745","27200","25560"
"In post","2021","Yorkshire and The Humber","West Yorkshire","Calderdale and Kirklees","Outside London","1055","940","27030","27570"
"In post","2021","Yorkshire and The Humber","West Yorkshire","Leeds","Outside London","11410","10740","33110","28790"
"In post","2021","Yorkshire and The Humber","West Yorkshire","Wakefield","Outside London","1680","1545","30270","27570"
"Leaver CS","2021","East Midlands (England)","Derbyshire and Nottinghamshire","Derby","Outside London","60","[c]","23820","21010"
"Leaver CS","2021","East Midlands (England)","Derbyshire and Nottinghamshire","East Derbyshire","Outside London","25","[c]","23980","21010"
"Leaver CS","2021","East Midlands (England)","Derbyshire and Nottinghamshire","North Nottinghamshire","Outside London","65","[c]","30690","27570"
"Leaver CS","2021","East Midlands (England)","Derbyshire and Nottinghamshire","Nottingham","Outside London","375","[c]","27620","24000"
"Leaver CS","2021","East Midlands (England)","Derbyshire and Nottinghamshire","South and West Derbyshire","Outside London","55","[c]","30170","27570"
"Leaver CS","2021","East Midlands (England)","Derbyshire and Nottinghamshire","South Nottinghamshire","Outside London","50","[c]","28280","26910"
"Leaver CS","2021","East Midlands (England)","Leicestershire, Rutland and Northamptonshire","Leicester","Outside London","175","[c]","26090","22350"
"Leaver CS","2021","East Midlands (England)","Leicestershire, Rutland and Northamptonshire","Leicestershire CC and Rutland","Outside London","170","[c]","27790","26500"
"Leaver CS","2021","East Midlands (England)","Leicestershire, Rutland and Northamptonshire","North Northamptonshire","Outside London","35","[c]","24610","25080"
"Leaver CS","2021","East Midlands (England)","Leicestershire, Rutland and Northamptonshire","West Northamptonshire","Outside London","255","[c]","23380","20100"
"Leaver CS","2021","East Midlands (England)","Lincolnshire","Lincolnshire","Outside London","325","[c]","29040","28000"
"Leaver CS","2021","East of England","Bedfordshire and Hertfordshire","Bedford","Outside London","85","[c]","31870","26890"
"Leaver CS","2021","East of England","Bedfordshire and Hertfordshire","Central Bedfordshire","Outside London","15","[c]","25980","26670"
"Leaver CS","2021","East of England","Bedfordshire and Hertfordshire","Hertfordshire","Outside London","255","[c]","32230","29290"
"Leaver CS","2021","East of England","Bedfordshire and Hertfordshire","Luton","Outside London","115","[c]","22400","21010"
"Leaver CS","2021","East of England","East Anglia","Breckland and South Norfolk","Outside London","70","[c]","36770","33260"
"Leaver CS","2021","East of England","East Anglia","Cambridgeshire CC","Outside London","205","[c]","38510","31150"
"Leaver CS","2021","East of England","East Anglia","North and West Norfolk","Outside London","45","[c]","25740","21580"
"Leaver CS","2021","East of England","East Anglia","Norwich and East Norfolk","Outside London","130","[c]","27300","21130"
"Leaver CS","2021","East of England","East Anglia","Peterborough","Outside London","200","[c]","25430","21430"
"Leaver CS","2021","East of England","East Anglia","Suffolk","Outside London","345","[c]","28430","26220"
"Leaver CS","2021","East of England","Essex","Essex Haven Gateway","Outside London","85","[c]","31450","28330"
"Leaver CS","2021","East of England","Essex","Essex Thames Gateway","Outside London","55","[c]","25820","24180"
"Leaver CS","2021","East of England","Essex","Heart of Essex","Outside London","75","[c]","30820","24590"
"Leaver CS","2021","East of England","Essex","Southend-on-Sea","Outside London","80","[c]","25530","24340"
"Leaver CS","2021","East of England","Essex","Thurrock","Outside London","10","[c]","25150","25970"
"Leaver CS","2021","East of England","Essex","West Essex","Outside London","35","[c]","29510","29290"
"Leaver CS","2021","London","Inner London - East","Hackney and Newham","London","95","[c]","29490","29440"
"Leaver CS","2021","London","Inner London - East","Haringey and Islington","London","100","[c]","25590","24800"
"Leaver CS","2021","London","Inner London - East","Lambeth","London","255","[c]","44460","39270"
"Leaver CS","2021","London","Inner London - East","Lewisham and Southwark","London","110","[c]","33780","31060"
"Leaver CS","2021","London","Inner London - East","Tower Hamlets","London","460","[c]","46180","40150"
"Leaver CS","2021","London","Inner London - West","Camden and City of London","London","430","[c]","36000","26410"
"Leaver CS","2021","London","Inner London - West","Kensington & Chelsea and Hammersmith & Fulham","London","70","[c]","33930","31060"
"Leaver CS","2021","London","Inner London - West","Wandsworth","London","85","[c]","26000","25110"
"Leaver CS","2021","London","Inner London - West","Westminster","London","2495","[c]","45000","38700"
"Leaver CS","2021","London","Outer London - East and North East","Barking & Dagenham and Havering","London","30","[c]","30280","31060"
"Leaver CS","2021","London","Outer London - East and North East","Bexley and Greenwich","London","130","[c]","30220","30780"
"Leaver CS","2021","London","Outer London - East and North East","Enfield","London","20","[c]","26680","25110"
"Leaver CS","2021","London","Outer London - East and North East","Redbridge and Waltham Forest","London","40","[c]","29400","31060"
"Leaver CS","2021","London","Outer London - South","Bromley","London","30","[c]","29380","30250"
"Leaver CS","2021","London","Outer London - South","Croydon","London","370","[c]","36490","29810"
"Leaver CS","2021","London","Outer London - South","Merton, Kingston upon Thames and Sutton","London","35","[c]","28580","30140"
"Leaver CS","2021","London","Outer London - West and North West","Barnet","London","145","[c]","38340","32330"
"Leaver CS","2021","London","Outer London - West and North West","Brent","London","30","[c]","29630","29160"
"Leaver CS","2021","London","Outer London - West and North West","Ealing","London","110","[c]","30410","31060"
"Leaver CS","2021","London","Outer London - West and North West","Harrow and Hillingdon","London","130","[c]","31300","29730"
"Leaver CS","2021","London","Outer London - West and North West","Hounslow and Richmond upon Thames","London","145","[c]","29390","28040"
"Leaver CS","2021","North East (England)","Northumberland and Tyne and Wear","Northumberland","Outside London","25","[c]","27390","21010"
"Leaver CS","2021","North East (England)","Northumberland and Tyne and Wear","Sunderland","Outside London","235","[c]","24250","23010"
"Leaver CS","2021","North East (England)","Northumberland and Tyne and Wear","Tyneside","Outside London","805","[c]","26830","21010"
"Leaver CS","2021","North East (England)","Tees Valley and Durham","Darlington","Outside London","40","[c]","35580","36070"
"Leaver CS","2021","North East (England)","Tees Valley and Durham","Durham CC","Outside London","285","[c]","25290","21430"
"Leaver CS","2021","North East (England)","Tees Valley and Durham","Hartlepool and Stockton-on-Tees","Outside London","245","[c]","26330","21010"
"Leaver CS","2021","North East (England)","Tees Valley and Durham","South Teesside","Outside London","40","[c]","26160","26250"
"Leaver CS","2021","North West (England)","Cheshire","Cheshire East","Outside London","65","[c]","29380","26500"
"Leaver CS","2021","North West (England)","Cheshire","Cheshire West and Chester","Outside London","15","[c]","23420","21010"
"Leaver CS","2021","North West (England)","Cheshire","Warrington","Outside London","115","[c]","28910","26780"
"Leaver CS","2021","North West (England)","Cumbria","East Cumbria","Outside London","50","[c]","23830","21050"
"Leaver CS","2021","North West (England)","Cumbria","West Cumbria","Outside London","70","[c]","28540","25190"
"Leaver CS","2021","North West (England)","Greater Manchester","Greater Manchester North East","Outside London","85","[c]","26370","27570"
"Leaver CS","2021","North West (England)","Greater Manchester","Greater Manchester North West","Outside London","110","[c]","23600","21010"
"Leaver CS","2021","North West (England)","Greater Manchester","Greater Manchester South East","Outside London","90","[c]","25950","21010"
"Leaver CS","2021","North West (England)","Greater Manchester","Greater Manchester South West","Outside London","225","[c]","24480","21010"
"Leaver CS","2021","North West (England)","Greater Manchester","Manchester","Outside London","445","[c]","34910","27570"
"Leaver CS","2021","North West (England)","Lancashire","Blackburn with Darwen","Outside London","20","[c]","22980","21010"
"Leaver CS","2021","North West (England)","Lancashire","Blackpool","Outside London","265","[c]","26020","21010"
"Leaver CS","2021","North West (England)","Lancashire","Chorley and West Lancashire","Outside London","95","[c]","[c]","[c]"
"Leaver CS","2021","North West (England)","Lancashire","East Lancashire","Outside London","25","[c]","23620","21010"
"Leaver CS","2021","North West (England)","Lancashire","Lancaster and Wyre","Outside London","65","[c]","27820","21570"
"Leaver CS","2021","North West (England)","Lancashire","Mid Lancashire","Outside London","255","[c]","26920","22350"
"Leaver CS","2021","North West (England)","Merseyside","East Merseyside","Outside London","50","[c]","24980","21590"
"Leaver CS","2021","North West (England)","Merseyside","Liverpool","Outside London","375","[c]","26350","23090"
"Leaver CS","2021","North West (England)","Merseyside","Sefton","Outside London","265","[c]","31900","27570"
"Leaver CS","2021","North West (England)","Merseyside","Wirral","Outside London","80","[c]","25450","22350"
"Leaver CS","2021","Northern Ireland","Northern Ireland","Antrim and Newtownabbey","Outside London","10","[c]","27190","22990"
"Leaver CS","2021","Northern Ireland","Northern Ireland","Ards and North Down","Outside London","10","[c]","29850","23390"
"Leaver CS","2021","Northern Ireland","Northern Ireland","Armagh City, Banbridge and Craigavon","Outside London","[c]","[c]","[c]","[c]"
"Leaver CS","2021","Northern Ireland","Northern Ireland","Belfast","Outside London","120","[c]","26690","21430"
"Leaver CS","2021","Northern Ireland","Northern Ireland","Causeway Coast and Glens","Outside London","[c]","[c]","[c]","[c]"
"Leaver CS","2021","Northern Ireland","Northern Ireland","Derry City and Strabane","Outside London","35","[c]","[c]","[c]"
"Leaver CS","2021","Northern Ireland","Northern Ireland","Lisburn and Castlereagh","Outside London","20","[c]","30500","23820"
"Leaver CS","2021","Northern Ireland","Northern Ireland","Newry, Mourne and Down","Outside London","5","[c]","[c]","[c]"
"Leaver CS","2021","Overseas","Overseas","Overseas","Overseas","135","[c]","42070","38290"
"Leaver CS","2021","Scotland","Eastern Scotland","Angus and Dundee City","Outside London","90","[c]","26240","21090"
"Leaver CS","2021","Scotland","Eastern Scotland","City of Edinburgh","Outside London","590","[c]","38200","32930"
"Leaver CS","2021","Scotland","Eastern Scotland","Clackmannanshire and Fife","Outside London","80","[c]","29410","27570"
"Leaver CS","2021","Scotland","Eastern Scotland","East Lothian and Midlothian","Outside London","[c]","[c]","[c]","[c]"
"Leaver CS","2021","Scotland","Eastern Scotland","Falkirk","Outside London","65","[c]","28360","24570"
"Leaver CS","2021","Scotland","Eastern Scotland","Perth and Kinross and Stirling","Outside London","80","[c]","31410","30160"
"Leaver CS","2021","Scotland","Eastern Scotland","West Lothian","Outside London","210","[c]","31040","26120"
"Leaver CS","2021","Scotland","Highlands and Islands","Caithness and Sutherland and Ross and Cromarty","Outside London","5","[c]","[c]","[c]"
"Leaver CS","2021","Scotland","Highlands and Islands","Inverness and Nairn and Moray, Badenoch and Strathspey","Outside London","60","[c]","29730","23490"
"Leaver CS","2021","Scotland","Highlands and Islands","Lochaber, Skye and Lochalsh, Arran and Cumbrae and Argyll and Bute","Outside London","15","[c]","27120","27570"
"Leaver CS","2021","Scotland","Highlands and Islands","Na h-Eileanan Siar","Outside London","[c]","[c]","[c]","[c]"
"Leaver CS","2021","Scotland","Highlands and Islands","Orkney Islands","Outside London","[c]","[c]","[c]","[c]"
"Leaver CS","2021","Scotland","Highlands and Islands","Shetland Islands","Outside London","10","[c]","[c]","[c]"
"Leaver CS","2021","Scotland","North Eastern Scotland","Aberdeen City and Aberdeenshire","Outside London","150","[c]","35030","27570"
"Leaver CS","2021","Scotland","Southern Scotland","Dumfries and Galloway","Outside London","25","[c]","26650","25870"
"Leaver CS","2021","Scotland","Southern Scotland","East Ayrshire and North Ayrshire mainland","Outside London","50","[c]","26450","22230"
"Leaver CS","2021","Scotland","Southern Scotland","Scottish Borders","Outside London","15","[c]","31500","29190"
"Leaver CS","2021","Scotland","Southern Scotland","South Ayrshire","Outside London","10","[c]","[c]","[c]"
"Leaver CS","2021","Scotland","Southern Scotland","South Lanarkshire","Outside London","160","[c]","34400","29650"
"Leaver CS","2021","Scotland","West Central Scotland","East Dunbartonshire, West Dunbartonshire and Helensburgh and Lomond","Outside London","120","[c]","32450","30660"
"Leaver CS","2021","Scotland","West Central Scotland","Glasgow City","Outside London","450","[c]","30520","25870"
"Leaver CS","2021","Scotland","West Central Scotland","Inverclyde, East Renfrewshire and Renfrewshire","Outside London","35","[c]","28630","25290"
"Leaver CS","2021","Scotland","West Central Scotland","North Lanarkshire","Outside London","105","[c]","25690","26890"
"Leaver CS","2021","South East (England)","Berkshire, Buckinghamshire and Oxfordshire","Berkshire","Outside London","170","[c]","33570","28750"
"Leaver CS","2021","South East (England)","Berkshire, Buckinghamshire and Oxfordshire","Buckinghamshire CC","Outside London","160","[c]","31250","29930"
"Leaver CS","2021","South East (England)","Berkshire, Buckinghamshire and Oxfordshire","Milton Keynes","Outside London","165","[c]","34230","30630"
"Leaver CS","2021","South East (England)","Berkshire, Buckinghamshire and Oxfordshire","Oxfordshire","Outside London","220","[c]","28740","22880"
"Leaver CS","2021","South East (England)","Hampshire and Isle of Wight","Central Hampshire","Outside London","210","[c]","31300","28650"
"Leaver CS","2021","South East (England)","Hampshire and Isle of Wight","Isle of Wight","Outside London","45","[c]","[c]","[c]"
"Leaver CS","2021","South East (England)","Hampshire and Isle of Wight","North Hampshire","Outside London","65","[c]","30080","26670"
"Leaver CS","2021","South East (England)","Hampshire and Isle of Wight","Portsmouth","Outside London","200","[c]","30830","27570"
"Leaver CS","2021","South East (England)","Hampshire and Isle of Wight","South Hampshire","Outside London","265","[c]","26570","23050"
"Leaver CS","2021","South East (England)","Hampshire and Isle of Wight","Southampton","Outside London","75","[c]","35580","31040"
"Leaver CS","2021","South East (England)","Kent","East Kent","Outside London","160","[c]","26660","25110"
"Leaver CS","2021","South East (England)","Kent","Kent Thames Gateway","Outside London","100","[c]","25770","24180"
"Leaver CS","2021","South East (England)","Kent","Medway","Outside London","115","[c]","27210","25660"
"Leaver CS","2021","South East (England)","Kent","Mid Kent","Outside London","140","[c]","30270","26280"
"Leaver CS","2021","South East (England)","Kent","West Kent","Outside London","45","[c]","24880","17710"
"Leaver CS","2021","South East (England)","Surrey, East and West Sussex","Brighton and Hove","Outside London","30","[c]","27600","23520"
"Leaver CS","2021","South East (England)","Surrey, East and West Sussex","East Surrey","Outside London","80","[c]","38030","33180"
"Leaver CS","2021","South East (England)","Surrey, East and West Sussex","East Sussex CC","Outside London","110","[c]","26190","21010"
"Leaver CS","2021","South East (England)","Surrey, East and West Sussex","West Surrey","Outside London","180","[c]","29860","24520"
"Leaver CS","2021","South East (England)","Surrey, East and West Sussex","West Sussex (North East)","Outside London","50","[c]","32650","27240"
"Leaver CS","2021","South East (England)","Surrey, East and West Sussex","West Sussex (South West)","Outside London","100","[c]","29410","26460"
"Leaver CS","2021","South West (England)","Cornwall and Isles of Scilly","Cornwall and Isles of Scilly","Outside London","95","[c]","27030","24670"
"Leaver CS","2021","South West (England)","Devon","Devon CC","Outside London","430","[c]","24210","21010"
"Leaver CS","2021","South West (England)","Devon","Plymouth","Outside London","160","[c]","29190","27130"
"Leaver CS","2021","South West (England)","Devon","Torbay","Outside London","20","[c]","22660","21010"
"Leaver CS","2021","South West (England)","Dorset and Somerset","Bournemouth and Poole","Outside London","40","[c]","24970","24890"
"Leaver CS","2021","South West (England)","Dorset and Somerset","Dorset CC","Outside London","165","[c]","29190","27030"
"Leaver CS","2021","South West (England)","Dorset and Somerset","Somerset","Outside London","145","[c]","30410","27590"
"Leaver CS","2021","South West (England)","Gloucestershire, Wiltshire and Bath/Bristol area","Bath and North East Somerset, North Somerset and South Gloucestershire","Outside London","500","[c]","37020","33300"
"Leaver CS","2021","South West (England)","Gloucestershire, Wiltshire and Bath/Bristol area","Bristol, City of","Outside London","360","[c]","34250","27570"
"Leaver CS","2021","South West (England)","Gloucestershire, Wiltshire and Bath/Bristol area","Gloucestershire","Outside London","100","[c]","30190","27130"
"Leaver CS","2021","South West (England)","Gloucestershire, Wiltshire and Bath/Bristol area","Swindon","Outside London","25","[c]","29800","22770"
"Leaver CS","2021","South West (England)","Gloucestershire, Wiltshire and Bath/Bristol area","Wiltshire","Outside London","425","[c]","33170","28650"
"Leaver CS","2021","Unknown","Unknown","Unknown","Unknown","695","[c]","40470","32000"
"Leaver CS","2021","Wales","East Wales","Cardiff and Vale of Glamorgan","Outside London","585","[c]","35720","27570"
"Leaver CS","2021","Wales","East Wales","Flintshire and Wrexham","Outside London","330","[c]","27360","21700"
"Leaver CS","2021","Wales","East Wales","Monmouthshire and Newport","Outside London","240","[c]","31140","25450"
"Leaver CS","2021","Wales","East Wales","Powys","Outside London","30","[c]","26530","22330"
"Leaver CS","2021","Wales","West Wales and The Valleys","Bridgend and Neath Port Talbot","Outside London","45","[c]","25250","21010"
"Leaver CS","2021","Wales","West Wales and The Valleys","Central Valleys","Outside London","50","[c]","33550","27260"
"Leaver CS","2021","Wales","West Wales and The Valleys","Conwy and Denbighshire","Outside London","25","[c]","32310","28850"
"Leaver CS","2021","Wales","West Wales and The Valleys","Gwent Valleys","Outside London","40","[c]","28090","27230"
"Leaver CS","2021","Wales","West Wales and The Valleys","Gwynedd","Outside London","45","[c]","25950","24390"
"Leaver CS","2021","Wales","West Wales and The Valleys","Isle of Anglesey","Outside London","45","[c]","29970","30690"
"Leaver CS","2021","Wales","West Wales and The Valleys","South West Wales","Outside London","55","[c]","28790","26500"
"Leaver CS","2021","Wales","West Wales and The Valleys","Swansea","Outside London","470","[c]","24250","21590"
"Leaver CS","2021","West Midlands (England)","Herefordshire, Worcestershire and Warwickshire","Herefordshire, County of","Outside London","25","[c]","26760","24860"
"Leaver CS","2021","West Midlands (England)","Herefordshire, Worcestershire and Warwickshire","Warwickshire","Outside London","70","[c]","23630","21890"
"Leaver CS","2021","West Midlands (England)","Herefordshire, Worcestershire and Warwickshire","Worcestershire","Outside London","175","[c]","24890","21760"
"Leaver CS","2021","West Midlands (England)","Shropshire and Staffordshire","Shropshire CC","Outside London","80","[c]","32370","29550"
"Leaver CS","2021","West Midlands (England)","Shropshire and Staffordshire","Staffordshire CC","Outside London","265","[c]","26970","25970"
"Leaver CS","2021","West Midlands (England)","Shropshire and Staffordshire","Stoke-on-Trent","Outside London","80","[c]","23350","19930"
"Leaver CS","2021","West Midlands (England)","Shropshire and Staffordshire","Telford and Wrekin","Outside London","85","[c]","30960","27350"
"Leaver CS","2021","West Midlands (England)","West Midlands","Birmingham","Outside London","515","[c]","33470","26560"
"Leaver CS","2021","West Midlands (England)","West Midlands","Coventry","Outside London","200","[c]","38400","30200"
"Leaver CS","2021","West Midlands (England)","West Midlands","Dudley","Outside London","125","[c]","24350","21010"
"Leaver CS","2021","West Midlands (England)","West Midlands","Sandwell","Outside London","10","[c]","[c]","[c]"
"Leaver CS","2021","West Midlands (England)","West Midlands","Solihull","Outside London","60","[c]","26790","25640"
"Leaver CS","2021","West Midlands (England)","West Midlands","Walsall","Outside London","25","[c]","24100","21010"
"Leaver CS","2021","West Midlands (England)","West Midlands","Wolverhampton","Outside London","165","[c]","22890","21010"
"Leaver CS","2021","Yorkshire and The Humber","East Yorkshire and Northern Lincolnshire","East Riding of Yorkshire","Outside London","160","[c]","29650","27570"
"Leaver CS","2021","Yorkshire and The Humber","East Yorkshire and Northern Lincolnshire","Kingston upon Hull, City of","Outside London","190","[c]","27320","26950"
"Leaver CS","2021","Yorkshire and The Humber","East Yorkshire and Northern Lincolnshire","North and North East Lincolnshire","Outside London","110","[c]","25250","23880"
"Leaver CS","2021","Yorkshire and The Humber","North Yorkshire","North Yorkshire CC","Outside London","120","[c]","30930","26220"
"Leaver CS","2021","Yorkshire and The Humber","North Yorkshire","York","Outside London","140","[c]","36550","28370"
"Leaver CS","2021","Yorkshire and The Humber","South Yorkshire","Barnsley, Doncaster and Rotherham","Outside London","195","[c]","25720","25490"
"Leaver CS","2021","Yorkshire and The Humber","South Yorkshire","Sheffield","Outside London","440","[c]","30160","25000"
"Leaver CS","2021","Yorkshire and The Humber","West Yorkshire","Bradford","Outside London","195","[c]","22960","21010"
"Leaver CS","2021","Yorkshire and The Humber","West Yorkshire","Calderdale and Kirklees","Outside London","65","[c]","24460","21100"
"Leaver CS","2021","Yorkshire and The Humber","West Yorkshire","Leeds","Outside London","620","[c]","31310","27570"
"Leaver CS","2021","Yorkshire and The Humber","West Yorkshire","Wakefield","Outside London","100","[c]","32780","27570"
"Leaver Dept.","2021","East Midlands (England)","Derbyshire and Nottinghamshire","Derby","Outside London","5","[c]","[c]","[c]"
"Leaver Dept.","2021","East Midlands (England)","Derbyshire and Nottinghamshire","East Derbyshire","Outside London","[c]","[c]","[c]","[c]"
"Leaver Dept.","2021","East Midlands (England)","Derbyshire and Nottinghamshire","North Nottinghamshire","Outside London","[c]","[c]","[c]","[c]"
"Leaver Dept.","2021","East Midlands (England)","Derbyshire and Nottinghamshire","Nottingham","Outside London","155","[c]","27670","22410"
"Leaver Dept.","2021","East Midlands (England)","Derbyshire and Nottinghamshire","South and West Derbyshire","Outside London","15","[c]","38250","33520"
"Leaver Dept.","2021","East Midlands (England)","Derbyshire and Nottinghamshire","South Nottinghamshire","Outside London","[c]","[c]","[c]","[c]"
"Leaver Dept.","2021","East Midlands (England)","Leicestershire, Rutland and Northamptonshire","Leicester","Outside London","30","[c]","22570","20300"
"Leaver Dept.","2021","East Midlands (England)","Leicestershire, Rutland and Northamptonshire","Leicestershire CC and Rutland","Outside London","15","[c]","24500","23730"
"Leaver Dept.","2021","East Midlands (England)","Leicestershire, Rutland and Northamptonshire","North Northamptonshire","Outside London","5","[c]","[c]","[c]"
"Leaver Dept.","2021","East Midlands (England)","Leicestershire, Rutland and Northamptonshire","West Northamptonshire","Outside London","15","[c]","[c]","[c]"
"Leaver Dept.","2021","East Midlands (England)","Lincolnshire","Lincolnshire","Outside London","15","[c]","[c]","[c]"
"Leaver Dept.","2021","East of England","Bedfordshire and Hertfordshire","Bedford","Outside London","5","[c]","[c]","[c]"
"Leaver Dept.","2021","East of England","Bedfordshire and Hertfordshire","Central Bedfordshire","Outside London","[c]","[c]","[c]","[c]"
"Leaver Dept.","2021","East of England","Bedfordshire and Hertfordshire","Hertfordshire","Outside London","30","[c]","41150","38910"
"Leaver Dept.","2021","East of England","Bedfordshire and Hertfordshire","Luton","Outside London","[c]","[c]","[c]","[c]"
"Leaver Dept.","2021","East of England","East Anglia","Breckland and South Norfolk","Outside London","[c]","[c]","[c]","[c]"
"Leaver Dept.","2021","East of England","East Anglia","Cambridgeshire CC","Outside London","30","[c]","31330","29450"
"Leaver Dept.","2021","East of England","East Anglia","North and West Norfolk","Outside London","[c]","[c]","[c]","[c]"
"Leaver Dept.","2021","East of England","East Anglia","Norwich and East Norfolk","Outside London","15","[c]","35120","34800"
"Leaver Dept.","2021","East of England","East Anglia","Peterborough","Outside London","25","[c]","29160","27120"
"Leaver Dept.","2021","East of England","East Anglia","Suffolk","Outside London","30","[c]","27310","28450"
"Leaver Dept.","2021","East of England","Essex","Essex Haven Gateway","Outside London","10","[c]","31110","29350"
"Leaver Dept.","2021","East of England","Essex","Essex Thames Gateway","Outside London","10","[c]","[c]","[c]"
"Leaver Dept.","2021","East of England","Essex","Heart of Essex","Outside London","10","[c]","[c]","[c]"
"Leaver Dept.","2021","East of England","Essex","Southend-on-Sea","Outside London","10","[c]","[c]","[c]"
"Leaver Dept.","2021","East of England","Essex","Thurrock","Outside London","[c]","[c]","[c]","[c]"
"Leaver Dept.","2021","East of England","Essex","West Essex","Outside London","10","[c]","[c]","[c]"
"Leaver Dept.","2021","London","Inner London - East","Hackney and Newham","London","25","[c]","35440","31060"
"Leaver Dept.","2021","London","Inner London - East","Haringey and Islington","London","15","[c]","28610","30950"
"Leaver Dept.","2021","London","Inner London - East","Lambeth","London","90","[c]","46540","45180"
"Leaver Dept.","2021","London","Inner London - East","Lewisham and Southwark","London","30","[c]","37760","31060"
"Leaver Dept.","2021","London","Inner London - East","Tower Hamlets","London","315","[c]","47100","40600"
"Leaver Dept.","2021","London","Inner London - West","Camden and City of London","London","120","[c]","32820","27760"
"Leaver Dept.","2021","London","Inner London - West","Kensington & Chelsea and Hammersmith & Fulham","London","10","[c]","[c]","[c]"
"Leaver Dept.","2021","London","Inner London - West","Wandsworth","London","10","[c]","[c]","[c]"
"Leaver Dept.","2021","London","Inner London - West","Westminster","London","4340","[c]","44910","39760"
"Leaver Dept.","2021","London","Outer London - East and North East","Barking & Dagenham and Havering","London","10","[c]","[c]","[c]"
"Leaver Dept.","2021","London","Outer London - East and North East","Bexley and Greenwich","London","15","[c]","[c]","[c]"
"Leaver Dept.","2021","London","Outer London - East and North East","Enfield","London","[c]","[c]","[c]","[c]"
"Leaver Dept.","2021","London","Outer London - East and North East","Redbridge and Waltham Forest","London","15","[c]","28080","25110"
"Leaver Dept.","2021","London","Outer London - South","Bromley","London","[c]","[c]","[c]","[c]"
"Leaver Dept.","2021","London","Outer London - South","Croydon","London","230","[c]","39610","34250"
"Leaver Dept.","2021","London","Outer London - South","Merton, Kingston upon Thames and Sutton","London","5","[c]","[c]","[c]"
"Leaver Dept.","2021","London","Outer London - West and North West","Barnet","London","15","[c]","38220","32550"
"Leaver Dept.","2021","London","Outer London - West and North West","Brent","London","5","[c]","[c]","[c]"
"Leaver Dept.","2021","London","Outer London - West and North West","Ealing","London","10","[c]","[c]","[c]"
"Leaver Dept.","2021","London","Outer London - West and North West","Harrow and Hillingdon","London","40","[c]","32040","29610"
"Leaver Dept.","2021","London","Outer London - West and North West","Hounslow and Richmond upon Thames","London","40","[c]","30390","28990"
"Leaver Dept.","2021","North East (England)","Northumberland and Tyne and Wear","Northumberland","Outside London","5","[c]","[c]","[c]"
"Leaver Dept.","2021","North East (England)","Northumberland and Tyne and Wear","Sunderland","Outside London","85","[c]","25510","27570"
"Leaver Dept.","2021","North East (England)","Northumberland and Tyne and Wear","Tyneside","Outside London","365","[c]","28290","25310"
"Leaver Dept.","2021","North East (England)","Tees Valley and Durham","Darlington","Outside London","15","[c]","31810","29910"
"Leaver Dept.","2021","North East (England)","Tees Valley and Durham","Durham CC","Outside London","105","[c]","25110","21430"
"Leaver Dept.","2021","North East (England)","Tees Valley and Durham","Hartlepool and Stockton-on-Tees","Outside London","25","[c]","27490","27570"
"Leaver Dept.","2021","North East (England)","Tees Valley and Durham","South Teesside","Outside London","5","[c]","[c]","[c]"
"Leaver Dept.","2021","North West (England)","Cheshire","Cheshire East","Outside London","5","[c]","[c]","[c]"
"Leaver Dept.","2021","North West (England)","Cheshire","Cheshire West and Chester","Outside London","[c]","[c]","[c]","[c]"
"Leaver Dept.","2021","North West (England)","Cheshire","Warrington","Outside London","20","[c]","30730","27570"
"Leaver Dept.","2021","North West (England)","Cumbria","East Cumbria","Outside London","30","[c]","23080","20430"
"Leaver Dept.","2021","North West (England)","Cumbria","West Cumbria","Outside London","10","[c]","29080","23120"
"Leaver Dept.","2021","North West (England)","Greater Manchester","Greater Manchester North East","Outside London","10","[c]","28490","27570"
"Leaver Dept.","2021","North West (England)","Greater Manchester","Greater Manchester North West","Outside London","25","[c]","24740","21270"
"Leaver Dept.","2021","North West (England)","Greater Manchester","Greater Manchester South East","Outside London","30","[c]","24120","21370"
"Leaver Dept.","2021","North West (England)","Greater Manchester","Greater Manchester South West","Outside London","175","[c]","28130","25560"
"Leaver Dept.","2021","North West (England)","Greater Manchester","Manchester","Outside London","210","[c]","32150","27570"
"Leaver Dept.","2021","North West (England)","Lancashire","Blackburn with Darwen","Outside London","5","[c]","[c]","[c]"
"Leaver Dept.","2021","North West (England)","Lancashire","Blackpool","Outside London","50","[c]","33880","29470"
"Leaver Dept.","2021","North West (England)","Lancashire","Chorley and West Lancashire","Outside London","10","[c]","[c]","[c]"
"Leaver Dept.","2021","North West (England)","Lancashire","East Lancashire","Outside London","5","[c]","[c]","[c]"
"Leaver Dept.","2021","North West (England)","Lancashire","Lancaster and Wyre","Outside London","10","[c]","[c]","[c]"
"Leaver Dept.","2021","North West (England)","Lancashire","Mid Lancashire","Outside London","115","[c]","30610","27570"
"Leaver Dept.","2021","North West (England)","Merseyside","East Merseyside","Outside London","10","[c]","[c]","[c]"
"Leaver Dept.","2021","North West (England)","Merseyside","Liverpool","Outside London","190","[c]","28560","24880"
"Leaver Dept.","2021","North West (England)","Merseyside","Sefton","Outside London","125","[c]","30860","27570"
"Leaver Dept.","2021","North West (England)","Merseyside","Wirral","Outside London","30","[c]","29520","27570"
"Leaver Dept.","2021","Northern Ireland","Northern Ireland","Belfast","Outside London","40","[c]","33730","25800"
"Leaver Dept.","2021","Northern Ireland","Northern Ireland","Causeway Coast and Glens","Outside London","[c]","[c]","[c]","[c]"
"Leaver Dept.","2021","Northern Ireland","Northern Ireland","Lisburn and Castlereagh","Outside London","[c]","[c]","[c]","[c]"
"Leaver Dept.","2021","Northern Ireland","Northern Ireland","Newry, Mourne and Down","Outside London","[c]","[c]","[c]","[c]"
"Leaver Dept.","2021","Overseas","Overseas","Overseas","Overseas","120","[c]","50990","52500"
"Leaver Dept.","2021","Scotland","Eastern Scotland","Angus and Dundee City","Outside London","30","[c]","25270","21010"
"Leaver Dept.","2021","Scotland","Eastern Scotland","City of Edinburgh","Outside London","125","[c]","35190","29190"
"Leaver Dept.","2021","Scotland","Eastern Scotland","Clackmannanshire and Fife","Outside London","10","[c]","27540","27570"
"Leaver Dept.","2021","Scotland","Eastern Scotland","East Lothian and Midlothian","Outside London","[c]","[c]","[c]","[c]"
"Leaver Dept.","2021","Scotland","Eastern Scotland","Falkirk","Outside London","15","[c]","25450","21010"
"Leaver Dept.","2021","Scotland","Eastern Scotland","Perth and Kinross and Stirling","Outside London","[c]","[c]","[c]","[c]"
"Leaver Dept.","2021","Scotland","Eastern Scotland","West Lothian","Outside London","15","[c]","[c]","[c]"
"Leaver Dept.","2021","Scotland","Highlands and Islands","Caithness and Sutherland and Ross and Cromarty","Outside London","[c]","[c]","[c]","[c]"
"Leaver Dept.","2021","Scotland","Highlands and Islands","Inverness and Nairn and Moray, Badenoch and Strathspey","Outside London","[c]","[c]","[c]","[c]"
"Leaver Dept.","2021","Scotland","Highlands and Islands","Lochaber, Skye and Lochalsh, Arran and Cumbrae and Argyll and Bute","Outside London","[c]","[c]","[c]","[c]"
"Leaver Dept.","2021","Scotland","Highlands and Islands","Na h-Eileanan Siar","Outside London","[c]","[c]","[c]","[c]"
"Leaver Dept.","2021","Scotland","Highlands and Islands","Shetland Islands","Outside London","[c]","[c]","[c]","[c]"
"Leaver Dept.","2021","Scotland","North Eastern Scotland","Aberdeen City and Aberdeenshire","Outside London","[c]","[c]","[c]","[c]"
"Leaver Dept.","2021","Scotland","Southern Scotland","Dumfries and Galloway","Outside London","[c]","[c]","[c]","[c]"
"Leaver Dept.","2021","Scotland","Southern Scotland","East Ayrshire and North Ayrshire mainland","Outside London","5","[c]","[c]","[c]"
"Leaver Dept.","2021","Scotland","Southern Scotland","Scottish Borders","Outside London","[c]","[c]","[c]","[c]"
"Leaver Dept.","2021","Scotland","Southern Scotland","South Ayrshire","Outside London","[c]","[c]","[c]","[c]"
"Leaver Dept.","2021","Scotland","Southern Scotland","South Lanarkshire","Outside London","75","[c]","44950","42890"
"Leaver Dept.","2021","Scotland","West Central Scotland","East Dunbartonshire, West Dunbartonshire and Helensburgh and Lomond","Outside London","10","[c]","[c]","[c]"
"Leaver Dept.","2021","Scotland","West Central Scotland","Glasgow City","Outside London","240","[c]","27900","26550"
"Leaver Dept.","2021","Scotland","West Central Scotland","Inverclyde, East Renfrewshire and Renfrewshire","Outside London","5","[c]","[c]","[c]"
"Leaver Dept.","2021","Scotland","West Central Scotland","North Lanarkshire","Outside London","50","[c]","24450","26840"
"Leaver Dept.","2021","South East (England)","Berkshire, Buckinghamshire and Oxfordshire","Berkshire","Outside London","25","[c]","40850","37410"
"Leaver Dept.","2021","South East (England)","Berkshire, Buckinghamshire and Oxfordshire","Buckinghamshire CC","Outside London","10","[c]","[c]","[c]"
"Leaver Dept.","2021","South East (England)","Berkshire, Buckinghamshire and Oxfordshire","Milton Keynes","Outside London","25","[c]","27760","27570"
"Leaver Dept.","2021","South East (England)","Berkshire, Buckinghamshire and Oxfordshire","Oxfordshire","Outside London","10","[c]","[c]","[c]"
"Leaver Dept.","2021","South East (England)","Hampshire and Isle of Wight","Central Hampshire","Outside London","40","[c]","40140","35310"
"Leaver Dept.","2021","South East (England)","Hampshire and Isle of Wight","Isle of Wight","Outside London","[c]","[c]","[c]","[c]"
"Leaver Dept.","2021","South East (England)","Hampshire and Isle of Wight","North Hampshire","Outside London","10","[c]","[c]","[c]"
"Leaver Dept.","2021","South East (England)","Hampshire and Isle of Wight","Portsmouth","Outside London","30","[c]","34440","26670"
"Leaver Dept.","2021","South East (England)","Hampshire and Isle of Wight","South Hampshire","Outside London","70","[c]","30750","29300"
"Leaver Dept.","2021","South East (England)","Hampshire and Isle of Wight","Southampton","Outside London","30","[c]","32260","28200"
"Leaver Dept.","2021","South East (England)","Kent","East Kent","Outside London","40","[c]","27970","24520"
"Leaver Dept.","2021","South East (England)","Kent","Kent Thames Gateway","Outside London","15","[c]","[c]","[c]"
"Leaver Dept.","2021","South East (England)","Kent","Medway","Outside London","15","[c]","[c]","[c]"
"Leaver Dept.","2021","South East (England)","Kent","Mid Kent","Outside London","5","[c]","[c]","[c]"
"Leaver Dept.","2021","South East (England)","Kent","West Kent","Outside London","[c]","[c]","[c]","[c]"
"Leaver Dept.","2021","South East (England)","Surrey, East and West Sussex","Brighton and Hove","Outside London","10","[c]","[c]","[c]"
"Leaver Dept.","2021","South East (England)","Surrey, East and West Sussex","East Surrey","Outside London","15","[c]","[c]","[c]"
"Leaver Dept.","2021","South East (England)","Surrey, East and West Sussex","East Sussex CC","Outside London","15","[c]","24100","21010"
"Leaver Dept.","2021","South East (England)","Surrey, East and West Sussex","West Surrey","Outside London","25","[c]","30880","28210"
"Leaver Dept.","2021","South East (England)","Surrey, East and West Sussex","West Sussex (North East)","Outside London","10","[c]","26060","25300"
"Leaver Dept.","2021","South East (England)","Surrey, East and West Sussex","West Sussex (South West)","Outside London","15","[c]","[c]","[c]"
"Leaver Dept.","2021","South West (England)","Cornwall and Isles of Scilly","Cornwall and Isles of Scilly","Outside London","10","[c]","[c]","[c]"
"Leaver Dept.","2021","South West (England)","Devon","Devon CC","Outside London","50","[c]","27600","25190"
"Leaver Dept.","2021","South West (England)","Devon","Plymouth","Outside London","40","[c]","26740","21600"
"Leaver Dept.","2021","South West (England)","Dorset and Somerset","Bournemouth and Poole","Outside London","[c]","[c]","[c]","[c]"
"Leaver Dept.","2021","South West (England)","Dorset and Somerset","Dorset CC","Outside London","15","[c]","[c]","[c]"
"Leaver Dept.","2021","South West (England)","Dorset and Somerset","Somerset","Outside London","25","[c]","35020","33290"
"Leaver Dept.","2021","South West (England)","Gloucestershire, Wiltshire and Bath/Bristol area","Bath and North East Somerset, North Somerset and South Gloucestershire","Outside London","430","[c]","35230","32430"
"Leaver Dept.","2021","South West (England)","Gloucestershire, Wiltshire and Bath/Bristol area","Bristol, City of","Outside London","155","[c]","35050","30210"
"Leaver Dept.","2021","South West (England)","Gloucestershire, Wiltshire and Bath/Bristol area","Gloucestershire","Outside London","5","[c]","[c]","[c]"
"Leaver Dept.","2021","South West (England)","Gloucestershire, Wiltshire and Bath/Bristol area","Swindon","Outside London","15","[c]","[c]","[c]"
"Leaver Dept.","2021","South West (England)","Gloucestershire, Wiltshire and Bath/Bristol area","Wiltshire","Outside London","65","[c]","38650","37320"
"Leaver Dept.","2021","Unknown","Unknown","Unknown","Unknown","705","[c]","35580","32000"
"Leaver Dept.","2021","Wales","East Wales","Cardiff and Vale of Glamorgan","Outside London","240","[c]","32800","27570"
"Leaver Dept.","2021","Wales","East Wales","Flintshire and Wrexham","Outside London","20","[c]","29410","27570"
"Leaver Dept.","2021","Wales","East Wales","Monmouthshire and Newport","Outside London","135","[c]","36840","35790"
"Leaver Dept.","2021","Wales","East Wales","Powys","Outside London","[c]","[c]","[c]","[c]"
"Leaver Dept.","2021","Wales","West Wales and The Valleys","Bridgend and Neath Port Talbot","Outside London","5","[c]","[c]","[c]"
"Leaver Dept.","2021","Wales","West Wales and The Valleys","Central Valleys","Outside London","10","[c]","43130","30380"
"Leaver Dept.","2021","Wales","West Wales and The Valleys","Conwy and Denbighshire","Outside London","[c]","[c]","[c]","[c]"
"Leaver Dept.","2021","Wales","West Wales and The Valleys","Gwent Valleys","Outside London","15","[c]","30180","27570"
"Leaver Dept.","2021","Wales","West Wales and The Valleys","Gwynedd","Outside London","5","[c]","[c]","[c]"
"Leaver Dept.","2021","Wales","West Wales and The Valleys","Isle of Anglesey","Outside London","[c]","[c]","[c]","[c]"
"Leaver Dept.","2021","Wales","West Wales and The Valleys","South West Wales","Outside London","5","[c]","[c]","[c]"
"Leaver Dept.","2021","Wales","West Wales and The Valleys","Swansea","Outside London","140","[c]","27670","21590"
"Leaver Dept.","2021","West Midlands (England)","Herefordshire, Worcestershire and Warwickshire","Herefordshire, County of","Outside London","[c]","[c]","[c]","[c]"
"Leaver Dept.","2021","West Midlands (England)","Herefordshire, Worcestershire and Warwickshire","Warwickshire","Outside London","15","[c]","26180","21430"
"Leaver Dept.","2021","West Midlands (England)","Herefordshire, Worcestershire and Warwickshire","Worcestershire","Outside London","35","[c]","35420","30880"
"Leaver Dept.","2021","West Midlands (England)","Shropshire and Staffordshire","Shropshire CC","Outside London","5","[c]","[c]","[c]"
"Leaver Dept.","2021","West Midlands (England)","Shropshire and Staffordshire","Staffordshire CC","Outside London","35","[c]","30150","27230"
"Leaver Dept.","2021","West Midlands (England)","Shropshire and Staffordshire","Stoke-on-Trent","Outside London","35","[c]","21780","20170"
"Leaver Dept.","2021","West Midlands (England)","Shropshire and Staffordshire","Telford and Wrekin","Outside London","10","[c]","[c]","[c]"
"Leaver Dept.","2021","West Midlands (England)","West Midlands","Birmingham","Outside London","280","[c]","27800","22570"
"Leaver Dept.","2021","West Midlands (England)","West Midlands","Coventry","Outside London","35","[c]","38210","32150"
"Leaver Dept.","2021","West Midlands (England)","West Midlands","Dudley","Outside London","25","[c]","[c]","[c]"
"Leaver Dept.","2021","West Midlands (England)","West Midlands","Sandwell","Outside London","5","[c]","[c]","[c]"
"Leaver Dept.","2021","West Midlands (England)","West Midlands","Solihull","Outside London","30","[c]","26730","24890"
"Leaver Dept.","2021","West Midlands (England)","West Midlands","Walsall","Outside London","5","[c]","[c]","[c]"
"Leaver Dept.","2021","West Midlands (England)","West Midlands","Wolverhampton","Outside London","20","[c]","23320","21010"
"Leaver Dept.","2021","Yorkshire and The Humber","East Yorkshire and Northern Lincolnshire","East Riding of Yorkshire","Outside London","10","[c]","[c]","[c]"
"Leaver Dept.","2021","Yorkshire and The Humber","East Yorkshire and Northern Lincolnshire","Kingston upon Hull, City of","Outside London","15","[c]","30730","27570"
"Leaver Dept.","2021","Yorkshire and The Humber","East Yorkshire and Northern Lincolnshire","North and North East Lincolnshire","Outside London","5","[c]","[c]","[c]"
"Leaver Dept.","2021","Yorkshire and The Humber","North Yorkshire","North Yorkshire CC","Outside London","10","[c]","[c]","[c]"
"Leaver Dept.","2021","Yorkshire and The Humber","North Yorkshire","York","Outside London","95","[c]","36610","32860"
"Leaver Dept.","2021","Yorkshire and The Humber","South Yorkshire","Barnsley, Doncaster and Rotherham","Outside London","15","[c]","[c]","[c]"
"Leaver Dept.","2021","Yorkshire and The Humber","South Yorkshire","Sheffield","Outside London","140","[c]","34670","31990"
"Leaver Dept.","2021","Yorkshire and The Humber","West Yorkshire","Bradford","Outside London","45","[c]","24280","27570"
"Leaver Dept.","2021","Yorkshire and The Humber","West Yorkshire","Calderdale and Kirklees","Outside London","15","[c]","25660","27570"
"Leaver Dept.","2021","Yorkshire and The Humber","West Yorkshire","Leeds","Outside London","265","[c]","33780","30600"
"Leaver Dept.","2021","Yorkshire and The Humber","West Yorkshire","Wakefield","Outside London","15","[c]","30510","29390"
"New entrant CS","2021","East Midlands (England)","Derbyshire and Nottinghamshire","Derby","Outside London","140","[c]","25810","27570"
"New entrant CS","2021","East Midlands (England)","Derbyshire and Nottinghamshire","East Derbyshire","Outside London","55","[c]","26690","27570"
"New entrant CS","2021","East Midlands (England)","Derbyshire and Nottinghamshire","North Nottinghamshire","Outside London","110","[c]","24150","22920"
"New entrant CS","2021","East Midlands (England)","Derbyshire and Nottinghamshire","Nottingham","Outside London","845","[c]","28280","25560"
"New entrant CS","2021","East Midlands (England)","Derbyshire and Nottinghamshire","South and West Derbyshire","Outside London","105","[c]","24950","26370"
"New entrant CS","2021","East Midlands (England)","Derbyshire and Nottinghamshire","South Nottinghamshire","Outside London","55","[c]","26500","22850"
"New entrant CS","2021","East Midlands (England)","Leicestershire, Rutland and Northamptonshire","Leicester","Outside London","405","[c]","24080","22350"
"New entrant CS","2021","East Midlands (England)","Leicestershire, Rutland and Northamptonshire","Leicestershire CC and Rutland","Outside London","195","[c]","25360","22850"
"New entrant CS","2021","East Midlands (England)","Leicestershire, Rutland and Northamptonshire","North Northamptonshire","Outside London","110","[c]","27230","27570"
"New entrant CS","2021","East Midlands (England)","Leicestershire, Rutland and Northamptonshire","West Northamptonshire","Outside London","170","[c]","23200","22850"
"New entrant CS","2021","East Midlands (England)","Lincolnshire","Lincolnshire","Outside London","285","[c]","26800","25790"
"New entrant CS","2021","East of England","Bedfordshire and Hertfordshire","Bedford","Outside London","160","[c]","25420","27570"
"New entrant CS","2021","East of England","Bedfordshire and Hertfordshire","Central Bedfordshire","Outside London","35","[c]","25310","26350"
"New entrant CS","2021","East of England","Bedfordshire and Hertfordshire","Hertfordshire","Outside London","500","[c]","28290","29290"
"New entrant CS","2021","East of England","Bedfordshire and Hertfordshire","Luton","Outside London","125","[c]","24430","27570"
"New entrant CS","2021","East of England","East Anglia","Breckland and South Norfolk","Outside London","60","[c]","23390","22850"
"New entrant CS","2021","East of England","East Anglia","Cambridgeshire CC","Outside London","385","[c]","30070","27340"
"New entrant CS","2021","East of England","East Anglia","North and West Norfolk","Outside London","90","[c]","25060","24230"
"New entrant CS","2021","East of England","East Anglia","Norwich and East Norfolk","Outside London","235","[c]","25960","23750"
"New entrant CS","2021","East of England","East Anglia","Peterborough","Outside London","145","[c]","26130","27570"
"New entrant CS","2021","East of England","East Anglia","Suffolk","Outside London","490","[c]","25220","25980"
"New entrant CS","2021","East of England","Essex","Essex Haven Gateway","Outside London","125","[c]","29050","29290"
"New entrant CS","2021","East of England","Essex","Essex Thames Gateway","Outside London","165","[c]","25940","24180"
"New entrant CS","2021","East of England","Essex","Heart of Essex","Outside London","230","[c]","27650","27700"
"New entrant CS","2021","East of England","Essex","Southend-on-Sea","Outside London","120","[c]","29080","29290"
"New entrant CS","2021","East of England","Essex","Thurrock","Outside London","50","[c]","23390","21430"
"New entrant CS","2021","East of England","Essex","West Essex","Outside London","105","[c]","28730","29290"
"New entrant CS","2021","London","Inner London - East","Hackney and Newham","London","370","[c]","29870","31060"
"New entrant CS","2021","London","Inner London - East","Haringey and Islington","London","415","[c]","28220","31030"
"New entrant CS","2021","London","Inner London - East","Lambeth","London","1260","[c]","37110","32330"
"New entrant CS","2021","London","Inner London - East","Lewisham and Southwark","London","305","[c]","31070","31060"
"New entrant CS","2021","London","Inner London - East","Tower Hamlets","London","980","[c]","39690","33960"
"New entrant CS","2021","London","Inner London - West","Camden and City of London","London","340","[c]","30690","24090"
"New entrant CS","2021","London","Inner London - West","Kensington & Chelsea and Hammersmith & Fulham","London","205","[c]","29300","31060"
"New entrant CS","2021","London","Inner London - West","Wandsworth","London","180","[c]","28290","30220"
"New entrant CS","2021","London","Inner London - West","Westminster","London","7615","[c]","38390","33570"
"New entrant CS","2021","London","Outer London - East and North East","Barking & Dagenham and Havering","London","170","[c]","29510","31060"
"New entrant CS","2021","London","Outer London - East and North East","Bexley and Greenwich","London","330","[c]","28860","30150"
"New entrant CS","2021","London","Outer London - East and North East","Enfield","London","135","[c]","30070","31060"
"New entrant CS","2021","London","Outer London - East and North East","Redbridge and Waltham Forest","London","295","[c]","28500","31060"
"New entrant CS","2021","London","Outer London - South","Bromley","London","110","[c]","28020","31060"
"New entrant CS","2021","London","Outer London - South","Croydon","London","755","[c]","34700","30120"
"New entrant CS","2021","London","Outer London - South","Merton, Kingston upon Thames and Sutton","London","205","[c]","29830","31060"
"New entrant CS","2021","London","Outer London - West and North West","Barnet","London","390","[c]","32700","31060"
"New entrant CS","2021","London","Outer London - West and North West","Brent","London","155","[c]","29420","31060"
"New entrant CS","2021","London","Outer London - West and North West","Ealing","London","160","[c]","30260","31060"
"New entrant CS","2021","London","Outer London - West and North West","Harrow and Hillingdon","London","360","[c]","29350","31060"
"New entrant CS","2021","London","Outer London - West and North West","Hounslow and Richmond upon Thames","London","370","[c]","29070","30720"
"New entrant CS","2021","North East (England)","Northumberland and Tyne and Wear","Northumberland","Outside London","40","[c]","25780","27570"
"New entrant CS","2021","North East (England)","Northumberland and Tyne and Wear","Sunderland","Outside London","340","[c]","24570","25560"
"New entrant CS","2021","North East (England)","Northumberland and Tyne and Wear","Tyneside","Outside London","2180","[c]","24880","21010"
"New entrant CS","2021","North East (England)","Tees Valley and Durham","Darlington","Outside London","75","[c]","29410","25000"
"New entrant CS","2021","North East (England)","Tees Valley and Durham","Durham CC","Outside London","405","[c]","23030","21010"
"New entrant CS","2021","North East (England)","Tees Valley and Durham","Hartlepool and Stockton-on-Tees","Outside London","115","[c]","23250","22850"
"New entrant CS","2021","North East (England)","Tees Valley and Durham","South Teesside","Outside London","110","[c]","22310","21010"
"New entrant CS","2021","North West (England)","Cheshire","Cheshire East","Outside London","90","[c]","25940","22850"
"New entrant CS","2021","North West (England)","Cheshire","Cheshire West and Chester","Outside London","130","[c]","22310","21010"
"New entrant CS","2021","North West (England)","Cheshire","Warrington","Outside London","450","[c]","29780","27570"
"New entrant CS","2021","North West (England)","Cumbria","East Cumbria","Outside London","60","[c]","26600","21050"
"New entrant CS","2021","North West (England)","Cumbria","West Cumbria","Outside London","85","[c]","29360","24620"
"New entrant CS","2021","North West (England)","Greater Manchester","Greater Manchester North East","Outside London","250","[c]","26360","27570"
"New entrant CS","2021","North West (England)","Greater Manchester","Greater Manchester North West","Outside London","190","[c]","23320","21010"
"New entrant CS","2021","North West (England)","Greater Manchester","Greater Manchester South East","Outside London","230","[c]","22740","21010"
"New entrant CS","2021","North West (England)","Greater Manchester","Greater Manchester South West","Outside London","790","[c]","26530","24880"
"New entrant CS","2021","North West (England)","Greater Manchester","Manchester","Outside London","1215","[c]","30930","27570"
"New entrant CS","2021","North West (England)","Lancashire","Blackburn with Darwen","Outside London","25","[c]","24890","27570"
"New entrant CS","2021","North West (England)","Lancashire","Blackpool","Outside London","690","[c]","23000","21010"
"New entrant CS","2021","North West (England)","Lancashire","Chorley and West Lancashire","Outside London","105","[c]","25330","24120"
"New entrant CS","2021","North West (England)","Lancashire","East Lancashire","Outside London","45","[c]","23830","26130"
"New entrant CS","2021","North West (England)","Lancashire","Lancaster and Wyre","Outside London","175","[c]","23040","21010"
"New entrant CS","2021","North West (England)","Lancashire","Mid Lancashire","Outside London","250","[c]","24460","22350"
"New entrant CS","2021","North West (England)","Merseyside","East Merseyside","Outside London","135","[c]","26890","27570"
"New entrant CS","2021","North West (England)","Merseyside","Liverpool","Outside London","590","[c]","26430","21430"
"New entrant CS","2021","North West (England)","Merseyside","Sefton","Outside London","375","[c]","26560","24880"
"New entrant CS","2021","North West (England)","Merseyside","Wirral","Outside London","145","[c]","23350","22350"
"New entrant CS","2021","Northern Ireland","Northern Ireland","Antrim and Newtownabbey","Outside London","15","[c]","21140","19560"
"New entrant CS","2021","Northern Ireland","Northern Ireland","Ards and North Down","Outside London","10","[c]","27160","21080"
"New entrant CS","2021","Northern Ireland","Northern Ireland","Belfast","Outside London","315","[c]","24170","20140"
"New entrant CS","2021","Northern Ireland","Northern Ireland","Causeway Coast and Glens","Outside London","[c]","[c]","[c]","[c]"
"New entrant CS","2021","Northern Ireland","Northern Ireland","Fermanagh and Omagh","Outside London","[c]","[c]","[c]","[c]"
"New entrant CS","2021","Northern Ireland","Northern Ireland","Lisburn and Castlereagh","Outside London","15","[c]","26010","24880"
"New entrant CS","2021","Northern Ireland","Northern Ireland","Newry, Mourne and Down","Outside London","[c]","[c]","[c]","[c]"
"New entrant CS","2021","Overseas","Overseas","Overseas","Overseas","40","[c]","37810","33000"
"New entrant CS","2021","Scotland","Eastern Scotland","Angus and Dundee City","Outside London","140","[c]","25250","21010"
"New entrant CS","2021","Scotland","Eastern Scotland","City of Edinburgh","Outside London","1500","[c]","30580","26160"
"New entrant CS","2021","Scotland","Eastern Scotland","Clackmannanshire and Fife","Outside London","95","[c]","26190","26350"
"New entrant CS","2021","Scotland","Eastern Scotland","East Lothian and Midlothian","Outside London","10","[c]","27570","27570"
"New entrant CS","2021","Scotland","Eastern Scotland","Falkirk","Outside London","155","[c]","22430","21010"
"New entrant CS","2021","Scotland","Eastern Scotland","Perth and Kinross and Stirling","Outside London","120","[c]","25960","25980"
"New entrant CS","2021","Scotland","Eastern Scotland","West Lothian","Outside London","65","[c]","23050","21010"
"New entrant CS","2021","Scotland","Highlands and Islands","Caithness and Sutherland and Ross and Cromarty","Outside London","20","[c]","24130","25140"
"New entrant CS","2021","Scotland","Highlands and Islands","Inverness and Nairn and Moray, Badenoch and Strathspey","Outside London","130","[c]","25610","21030"
"New entrant CS","2021","Scotland","Highlands and Islands","Lochaber, Skye and Lochalsh, Arran and Cumbrae and Argyll and Bute","Outside London","25","[c]","23220","21710"
"New entrant CS","2021","Scotland","Highlands and Islands","Na h-Eileanan Siar","Outside London","10","[c]","24990","21010"
"New entrant CS","2021","Scotland","Highlands and Islands","Orkney Islands","Outside London","[c]","[c]","[c]","[c]"
"New entrant CS","2021","Scotland","Highlands and Islands","Shetland Islands","Outside London","15","[c]","26040","26160"
"New entrant CS","2021","Scotland","North Eastern Scotland","Aberdeen City and Aberdeenshire","Outside London","190","[c]","28000","27570"
"New entrant CS","2021","Scotland","Southern Scotland","Dumfries and Galloway","Outside London","50","[c]","24390","25140"
"New entrant CS","2021","Scotland","Southern Scotland","East Ayrshire and North Ayrshire mainland","Outside London","70","[c]","23940","23230"
"New entrant CS","2021","Scotland","Southern Scotland","Scottish Borders","Outside London","40","[c]","29960","27570"
"New entrant CS","2021","Scotland","Southern Scotland","South Ayrshire","Outside London","80","[c]","26550","27570"
"New entrant CS","2021","Scotland","Southern Scotland","South Lanarkshire","Outside London","235","[c]","21360","20140"
"New entrant CS","2021","Scotland","West Central Scotland","East Dunbartonshire, West Dunbartonshire and Helensburgh and Lomond","Outside London","145","[c]","26650","23540"
"New entrant CS","2021","Scotland","West Central Scotland","Glasgow City","Outside London","1195","[c]","27480","23450"
"New entrant CS","2021","Scotland","West Central Scotland","Inverclyde, East Renfrewshire and Renfrewshire","Outside London","65","[c]","27800","26160"
"New entrant CS","2021","Scotland","West Central Scotland","North Lanarkshire","Outside London","125","[c]","23640","20760"
"New entrant CS","2021","South East (England)","Berkshire, Buckinghamshire and Oxfordshire","Berkshire","Outside London","475","[c]","30380","29290"
"New entrant CS","2021","South East (England)","Berkshire, Buckinghamshire and Oxfordshire","Buckinghamshire CC","Outside London","260","[c]","28880","27570"
"New entrant CS","2021","South East (England)","Berkshire, Buckinghamshire and Oxfordshire","Milton Keynes","Outside London","150","[c]","25160","27570"
"New entrant CS","2021","South East (England)","Berkshire, Buckinghamshire and Oxfordshire","Oxfordshire","Outside London","370","[c]","27840","27570"
"New entrant CS","2021","South East (England)","Hampshire and Isle of Wight","Central Hampshire","Outside London","380","[c]","28880","26350"
"New entrant CS","2021","South East (England)","Hampshire and Isle of Wight","Isle of Wight","Outside London","90","[c]","24300","24120"
"New entrant CS","2021","South East (England)","Hampshire and Isle of Wight","North Hampshire","Outside London","160","[c]","28280","27120"
"New entrant CS","2021","South East (England)","Hampshire and Isle of Wight","Portsmouth","Outside London","440","[c]","28200","25190"
"New entrant CS","2021","South East (England)","Hampshire and Isle of Wight","South Hampshire","Outside London","575","[c]","29020","28290"
"New entrant CS","2021","South East (England)","Hampshire and Isle of Wight","Southampton","Outside London","225","[c]","30260","27570"
"New entrant CS","2021","South East (England)","Kent","East Kent","Outside London","510","[c]","25970","24880"
"New entrant CS","2021","South East (England)","Kent","Kent Thames Gateway","Outside London","270","[c]","26740","27850"
"New entrant CS","2021","South East (England)","Kent","Medway","Outside London","175","[c]","26750","27850"
"New entrant CS","2021","South East (England)","Kent","Mid Kent","Outside London","140","[c]","28610","29290"
"New entrant CS","2021","South East (England)","Kent","West Kent","Outside London","50","[c]","28870","29290"
"New entrant CS","2021","South East (England)","Surrey, East and West Sussex","Brighton and Hove","Outside London","150","[c]","25810","27570"
"New entrant CS","2021","South East (England)","Surrey, East and West Sussex","East Surrey","Outside London","160","[c]","28160","29290"
"New entrant CS","2021","South East (England)","Surrey, East and West Sussex","East Sussex CC","Outside London","340","[c]","24040","22920"
"New entrant CS","2021","South East (England)","Surrey, East and West Sussex","West Surrey","Outside London","380","[c]","28870","27960"
"New entrant CS","2021","South East (England)","Surrey, East and West Sussex","West Sussex (North East)","Outside London","190","[c]","27700","27570"
"New entrant CS","2021","South East (England)","Surrey, East and West Sussex","West Sussex (South West)","Outside London","130","[c]","27830","27570"
"New entrant CS","2021","South West (England)","Cornwall and Isles of Scilly","Cornwall and Isles of Scilly","Outside London","180","[c]","27020","27570"
"New entrant CS","2021","South West (England)","Devon","Devon CC","Outside London","690","[c]","26140","22850"
"New entrant CS","2021","South West (England)","Devon","Plymouth","Outside London","335","[c]","26640","22350"
"New entrant CS","2021","South West (England)","Devon","Torbay","Outside London","40","[c]","25160","27570"
"New entrant CS","2021","South West (England)","Dorset and Somerset","Bournemouth and Poole","Outside London","110","[c]","25610","27570"
"New entrant CS","2021","South West (England)","Dorset and Somerset","Dorset CC","Outside London","195","[c]","25160","22850"
"New entrant CS","2021","South West (England)","Dorset and Somerset","Somerset","Outside London","215","[c]","26020","22920"
"New entrant CS","2021","South West (England)","Gloucestershire, Wiltshire and Bath/Bristol area","Bath and North East Somerset, North Somerset and South Gloucestershire","Outside London","1140","[c]","31780","27570"
"New entrant CS","2021","South West (England)","Gloucestershire, Wiltshire and Bath/Bristol area","Bristol, City of","Outside London","880","[c]","30290","27570"
"New entrant CS","2021","South West (England)","Gloucestershire, Wiltshire and Bath/Bristol area","Gloucestershire","Outside London","180","[c]","26130","27570"
"New entrant CS","2021","South West (England)","Gloucestershire, Wiltshire and Bath/Bristol area","Swindon","Outside London","100","[c]","26920","27570"
"New entrant CS","2021","South West (England)","Gloucestershire, Wiltshire and Bath/Bristol area","Wiltshire","Outside London","905","[c]","29820","26670"
"New entrant CS","2021","Unknown","Unknown","Unknown","Unknown","895","[c]","32720","27570"
"New entrant CS","2021","Wales","East Wales","Cardiff and Vale of Glamorgan","Outside London","900","[c]","25690","21010"
"New entrant CS","2021","Wales","East Wales","Flintshire and Wrexham","Outside London","185","[c]","23280","22850"
"New entrant CS","2021","Wales","East Wales","Monmouthshire and Newport","Outside London","815","[c]","28900","27570"
"New entrant CS","2021","Wales","East Wales","Powys","Outside London","35","[c]","23160","21010"
"New entrant CS","2021","Wales","West Wales and The Valleys","Bridgend and Neath Port Talbot","Outside London","75","[c]","25510","24240"
"New entrant CS","2021","Wales","West Wales and The Valleys","Central Valleys","Outside London","95","[c]","24690","22920"
"New entrant CS","2021","Wales","West Wales and The Valleys","Conwy and Denbighshire","Outside London","25","[c]","24850","21010"
"New entrant CS","2021","Wales","West Wales and The Valleys","Gwent Valleys","Outside London","75","[c]","25540","27570"
"New entrant CS","2021","Wales","West Wales and The Valleys","Gwynedd","Outside London","65","[c]","21400","21010"
"New entrant CS","2021","Wales","West Wales and The Valleys","Isle of Anglesey","Outside London","15","[c]","26050","21430"
"New entrant CS","2021","Wales","West Wales and The Valleys","South West Wales","Outside London","105","[c]","23560","21050"
"New entrant CS","2021","Wales","West Wales and The Valleys","Swansea","Outside London","560","[c]","24120","21590"
"New entrant CS","2021","West Midlands (England)","Herefordshire, Worcestershire and Warwickshire","Herefordshire, County of","Outside London","55","[c]","27820","26970"
"New entrant CS","2021","West Midlands (England)","Herefordshire, Worcestershire and Warwickshire","Warwickshire","Outside London","105","[c]","24680","22920"
"New entrant CS","2021","West Midlands (England)","Herefordshire, Worcestershire and Warwickshire","Worcestershire","Outside London","245","[c]","25480","22850"
"New entrant CS","2021","West Midlands (England)","Shropshire and Staffordshire","Shropshire CC","Outside London","110","[c]","26810","27570"
"New entrant CS","2021","West Midlands (England)","Shropshire and Staffordshire","Staffordshire CC","Outside London","475","[c]","24660","23700"
"New entrant CS","2021","West Midlands (England)","Shropshire and Staffordshire","Stoke-on-Trent","Outside London","280","[c]","22060","18880"
"New entrant CS","2021","West Midlands (England)","Shropshire and Staffordshire","Telford and Wrekin","Outside London","185","[c]","32610","27570"
"New entrant CS","2021","West Midlands (England)","West Midlands","Birmingham","Outside London","1325","[c]","29180","25560"
"New entrant CS","2021","West Midlands (England)","West Midlands","Coventry","Outside London","345","[c]","31580","27570"
"New entrant CS","2021","West Midlands (England)","West Midlands","Dudley","Outside London","110","[c]","24580","27570"
"New entrant CS","2021","West Midlands (England)","West Midlands","Sandwell","Outside London","45","[c]","23070","21010"
"New entrant CS","2021","West Midlands (England)","West Midlands","Solihull","Outside London","55","[c]","27790","27570"
"New entrant CS","2021","West Midlands (England)","West Midlands","Walsall","Outside London","45","[c]","24280","22920"
"New entrant CS","2021","West Midlands (England)","West Midlands","Wolverhampton","Outside London","75","[c]","24160","22920"
"New entrant CS","2021","Yorkshire and The Humber","East Yorkshire and Northern Lincolnshire","East Riding of Yorkshire","Outside London","180","[c]","24390","22850"
"New entrant CS","2021","Yorkshire and The Humber","East Yorkshire and Northern Lincolnshire","Kingston upon Hull, City of","Outside London","175","[c]","25590","24880"
"New entrant CS","2021","Yorkshire and The Humber","East Yorkshire and Northern Lincolnshire","North and North East Lincolnshire","Outside London","85","[c]","23020","21430"
"New entrant CS","2021","Yorkshire and The Humber","North Yorkshire","North Yorkshire CC","Outside London","205","[c]","28000","27570"
"New entrant CS","2021","Yorkshire and The Humber","North Yorkshire","York","Outside London","350","[c]","30530","26750"
"New entrant CS","2021","Yorkshire and The Humber","South Yorkshire","Barnsley, Doncaster and Rotherham","Outside London","295","[c]","23670","22850"
"New entrant CS","2021","Yorkshire and The Humber","South Yorkshire","Sheffield","Outside London","735","[c]","28450","25000"
"New entrant CS","2021","Yorkshire and The Humber","West Yorkshire","Bradford","Outside London","270","[c]","25270","25560"
"New entrant CS","2021","Yorkshire and The Humber","West Yorkshire","Calderdale and Kirklees","Outside London","135","[c]","26330","27570"
"New entrant CS","2021","Yorkshire and The Humber","West Yorkshire","Leeds","Outside London","1885","[c]","28790","27570"
"New entrant CS","2021","Yorkshire and The Humber","West Yorkshire","Wakefield","Outside London","195","[c]","26040","27570"
"Notes","Summary figures are suppressed when information relates to less than 5 civil servants for FTE or Headcount, and less than 10 civil servants for median and mean salary (shown as [c]). Zero responses and salaries for less than 30 civil servants have been suppressed for GPDR special category data. FTE figures are not shown for entrants or leavers due to data quality concerns for these groups. Figures are rounded to the nearest 5, or 10 as appropriate.","","","","","","","",""
"Data source","All figures are aggregated from the Cabinet Office Annual Civil Service Employment Survey collection. https://www.gov.uk/government/collections/civil-service-statistics","","","","","","","",""
"Version","Generated on 2023-02-16, with GIT 71a76ea.","","","","","","","",""
"Data column","Description","","","","","","","",""
"Status","Employment status of the civil servants.","","","","","","","",""
"","In post - includes staff that were in post on the reference date (31 March).","","","","","","","",""
"","New entrant CS - includes new entrants to the Civil Service over the year (1 April to 31 March).","","","","","","","",""
"","Leaver CS - includes leavers from the Civil Service over the year (1 April to 31 March). This includes employees who have an Unknown leaving cause.","","","","","","","",""
"","Leaver Dept. - includes leavers from the department over the year (1 April to 31 March), who did not leave the Civil Service.","","","","","","","",""
"","Five organisations do not report when their employees first entered the Civil Service and so entrants data for these organisations is not available . These are as follows: Foreign Commonwealth and Development Office (excl. agencies), Foreign Commonwealth and Development Office Services, Defence Electronics and Components Agency, Scottish Forestry and Forest and Land Scotland. A further three organisations also could not provide entrants data in 2021. These are as follows: Department for International Development, Foreign and Commonwealth Office (excl. agencies) and Royal Fleet Auxiliary.","","","","","","","",""
"Year","Year of data collection (as at 31 March).","","","","","","","",""
"Region_london","Workplace postcode data are used to derive geographical information using the International Territorial Level (ITL) classification standard.","","","","","","","",""
"","Region_london groups the ITL classifications into ""London"", ""Outside London"": all UK regions excluding London, ""Overseas"", and ""Unknown"".","","","","","","","",""
"Region_ITL1","Workplace postcode data are used to derive geographical information using the International Territorial Level (ITL) classification standard.","","","","","","","",""
"","Following the UK's withdrawal from the EU, a new UK-managed international statistical geography - International Territorial Levels (ITL) - was introduced from 1st January 2021, replacing the former NUTS classification. They align with international standards, enabling comparability both over time and internationally. To ensure continued alignment, the ITLs mirror the NUTS system. They also follow a similar review timetable - every three years.","","","","","","","",""
"","ITL 1 divides into Wales, Scotland, Northern Ireland, and the 9 statistical regions of England.","","","","","","","",""
"Region_ITL2","Workplace postcode data are used to derive geographical information using the International Territorial Level (ITL) classification standard.","","","","","","","",""
"","Following the UK's withdrawal from the EU, a new UK-managed international statistical geography - International Territorial Levels (ITL) - was introduced from 1st January 2021, replacing the former NUTS classification. They align with international standards, enabling comparability both over time and internationally. To ensure continued alignment, the ITLs mirror the NUTS system. They also follow a similar review timetable - every three years.","","","","","","","",""
"","ITL 2 divides into Northern Ireland, counties in England (most grouped), groups of districts in Greater London, groups of unitary authorities in Wales, groups of council areas in Scotland.","","","","","","","",""
"Region_ITL3","Workplace postcode data are used to derive geographical information using the International Territorial Level (ITL) classification standard.","","","","","","","",""
"","Following the UK's withdrawal from the EU, a new UK-managed international statistical geography - International Territorial Levels (ITL) - was introduced from 1st January 2021, replacing the former NUTS classification. They align with international standards, enabling comparability both over time and internationally. To ensure continued alignment, the ITLs mirror the NUTS system. They also follow a similar review timetable - every three years.","","","","","","","",""
"","ITL 3 divides into counties, unitary authorities, or districts in England (some grouped), groups of unitary authorities in Wales, groups of council areas in Scotland, groups of districts in Northern Ireland.","","","","","","","",""
"Headcount","Total number of civil servants (rounded to nearest 5).","","","","","","","",""
"FTE","Total full-time equivalent (FTE) employment numbers (rounded to nearest 5).","","","","","","","",""
"","FTE figures are not shown for entrants or leavers due to data quality concerns for these groups.","","","","","","","",""
"Mean_salary","Average salary (mean, rounded to nearest 10). For part-time employees, salaries represent the full-time equivalent earnings, while for full-time employees they are the actual annual gross salaries.","","","","","","","",""
"","These figures should be interpreted with caution when the total number of employees in a group is small, as they will tend to show more variability than larger groups (i.e. may be much higher or lower than can be explained by the data shown).","","","","","","","",""
"Median_salary","Median salary (rounded to nearest 10). For part-time employees, salaries represent the full-time equivalent earnings, while for full-time employees they are the actual annual gross salaries.","","","","","","","",""
"","These figures should be interpreted with caution when the total number of employees in a group is small, as they will tend to show more variability than larger groups (i.e. may be much higher or lower than can be explained by the data shown).","","","","","","","",""
